first_name,last_name,job_title,department,email,address,phone_number,salary,password
Richard,Beck,Water quality scientist,Engineering,scottyoung@example.org,"311 Hooper Court Apt. 685
North Sarahstad, NJ 16845",942-523-0199x5257,52273,0aVnN8C2
James,Williams,Retail banker,Human Resources,kellylopez@example.com,"726 Williams Street Apt. 428
Serranobury, CT 44199",001-536-938-4306,81389,h1kxmYk1
Kelly,Edwards,Paediatric nurse,Sales,goldenjonathan@example.com,"4352 Ross Summit Apt. 434
North Susanstad, VA 01575",7496528900,75385,PjAMRG6p
Scott,Brown,"Psychologist, clinical",Marketing,ronald84@example.com,"9470 Amanda Bypass Suite 547
New Jasonville, TX 23048",747.540.9707x12167,5349,slmvD50M
Christian,Hall,"Librarian, academic",Marketing,lebethany@example.com,"786 Charles Land
Reedstad, MI 86691",952.409.0219x18644,46347,DHWp2ydP
Christine,Pugh,Barista,Product Development,cantudawn@example.net,"1057 Corey Gateway Apt. 748
Zimmermanland, MA 58418",001-716-962-4875x0324,66151,8FGuKven
Jeremy,Gallagher,Building surveyor,Engineering,stevenboyd@example.org,"6715 Krista Shores
East Megan, KS 43360",+1-560-499-4544,99986,hw1UXUMf
Crystal,Crawford,Research scientist (maths),Finance,bpeterson@example.com,"65558 Julia Lodge Suite 682
New Adamside, PA 89303",(206)455-2132,89695,0Go6W9UE
David,Rodriguez,Recruitment consultant,Marketing,powelljenna@example.com,"842 Julie Plains
Johnmouth, GU 86645",630-261-8833,69099,qTyGKiGg
Caitlin,Hale,"Engineer, civil (consulting)",Sales,zjackson@example.net,"28460 Tammy Manor Suite 576
New Linda, TN 11764",2877137147,97492,DXflwIqu
Brent,Maxwell,"Engineer, electrical",Human Resources,melinda51@example.org,"66216 James Ranch
West Teresamouth, DE 97965",+1-313-484-8141x18964,17808,ayBQznUZ
Denise,Jackson,Hospital doctor,Product Development,billymeyer@example.com,"9601 Brittany Place Suite 011
New Jeffreyton, PW 88080",4042825845,3207,7OfwOmBq
Tina,Luna,Corporate treasurer,Engineering,christopher85@example.net,"37963 Jeffrey Brooks Suite 995
North Kelly, PR 29487",885.370.4831,55175,y17f8U5F
Beverly,Schmidt,Leisure centre manager,Human Resources,longmolly@example.com,"673 Smith Route
Valentinetown, WI 45059",547.895.3065x816,54128,GsWADSrF
Ashley,Fuller,Special educational needs teacher,Sales,jcoleman@example.org,"09431 Stephenson Cape
North Joseph, OR 83271",615-655-9039x0449,9005,UoWyU2Ks
Mary,Evans,"Scientist, research (maths)",Marketing,gadams@example.com,"6674 Morris Ports
North Derrickview, WV 52532",290.494.8340,66214,jep7R3LW
Joseph,Singh,Arts administrator,Finance,gmoore@example.org,"331 Sheila Street
East Danielleport, NJ 55811",+1-741-431-3923x02813,89581,AU9iY21k
Rebecca,Walker,"Surveyor, hydrographic",Sales,dustin33@example.org,"46730 Johnny Locks Apt. 271
Port Teresa, DE 18295",+1-835-958-9173x03125,49788,4Ixk34mR
James,Solomon,"Scientist, research (maths)",Product Development,paulmorgan@example.org,"196 Waters Ways Apt. 732
Lake Justin, OR 03721",(375)724-2804x653,90589,5pscKfPH
Brian,Hill,Interpreter,Engineering,thompsonelizabeth@example.net,"40933 Lewis Way Suite 397
New Charlesborough, IA 14136",(861)522-4222x838,36692,yNh1n48u
Zachary,Ford,"Civil engineer, contracting",Marketing,sarah00@example.net,"03124 Anthony Circles Apt. 473
Lake Angela, OH 74829",630.977.7571x4140,61545,WoWiPC17
Christine,Price,Land,Finance,robert15@example.org,"PSC 1684, Box 5961
APO AE 07043",438.885.2998x1274,8390,6WbDnEdX
Brian,Atkins,"Engineer, materials",Product Development,amanda87@example.org,"5759 William Light Suite 827
West Ashleymouth, NE 05675",579-765-6760,13893,z8pns5zK
Katelyn,Johnson,Art therapist,Sales,cheyenne97@example.org,"68784 Lewis Mountains
South Sarah, WI 86297",730.669.6328,99109,CPuWWSJ8
Julian,Sanchez,Systems developer,Engineering,bmartinez@example.com,"9333 Terry Stravenue Apt. 076
Lake Marystad, AZ 44262",996.958.4502x662,91594,EWGiTmXf
Louis,Martinez,Chiropractor,Engineering,carrie48@example.org,"392 Bennett Path Suite 583
Stevensshire, ND 38625",(214)268-5175x8720,50128,54T0uCiI
David,Casey,"Teacher, special educational needs",Engineering,williamlopez@example.com,"3999 Bethany Haven Apt. 412
North Joseph, OK 31186",236.933.4589x770,9449,gQZO7aR6
Vanessa,Marsh,Furniture conservator/restorer,Sales,walkeramber@example.com,"9598 Eric Mountain
West Dylan, SD 19575",(361)916-5180x32288,40816,ZSMJrSNe
Anthony,Wu,Lexicographer,Sales,davistodd@example.net,"88661 Taylor Forge
New Michellefurt, CO 78085",+1-674-909-1058x066,47397,2Ki1ubli
Ivan,Meyer,Public relations account executive,Finance,sbrowning@example.net,"453 Melissa Valley Suite 668
North Pamela, CO 58928",(595)426-7072x1711,84199,L61amsFn
Tracy,Perry,Location manager,Marketing,tomperez@example.net,"8858 Cole Roads
Jessicatown, TX 32421",001-949-565-4819x10523,31648,kZFb0yLu
Timothy,Thompson,Homeopath,Sales,susanmarsh@example.com,"90290 Mark Mill
West Jeremyhaven, WV 17043",413-513-7384,18299,GBT40oJ3
Randall,Mercado,"Engineer, maintenance",Marketing,sallen@example.net,"955 Steele Isle Apt. 474
North Kelsey, MP 01736",310.320.9813,14563,M6wEPhAL
Thomas,Stewart,Customer service manager,Engineering,rrivera@example.net,"393 Joshua Locks Suite 501
Port Andrewfurt, LA 35022",001-877-690-1151x840,38048,LNVn5ImN
Tony,Gonzales,Dancer,Human Resources,aguilartina@example.net,"4236 Pearson Landing
South Jason, LA 71936",001-404-895-4417x77656,57047,o45WUAgX
Lynn,Morris,Building services engineer,Sales,tiffany78@example.org,"9822 Melanie Wall
New Evelyn, WV 20839",658-344-4690x87793,90834,kgYKUvGf
David,House,Animator,Engineering,jasmine26@example.com,"973 Rebecca Cove Suite 693
West Melissa, KY 53135",867-946-4028x370,41017,dKMnJGqr
Ashley,Henderson,Conference centre manager,Human Resources,whoward@example.net,"65485 Adam Circle Apt. 782
West Jenna, MS 98971",(778)412-2042,40202,LVa5Greg
Raymond,Shelton,"Investment banker, corporate",Sales,brandihayden@example.com,"49401 Karen Brook
Robertsontown, NV 81578",461.277.9249,30426,YYqdC8OJ
Pamela,Cordova,Air traffic controller,Human Resources,jared35@example.net,"4509 Jeffrey Roads Suite 653
Vasquezborough, AZ 85390",(990)370-6145x9028,50180,LhN6CfkA
Matthew,Mays,Emergency planning/management officer,Marketing,christopheroconnor@example.org,"44578 Schneider Coves
East Danielville, KS 78270",+1-510-596-6047x323,85116,ngz5eGcm
Joyce,Acosta,Cytogeneticist,Engineering,edward85@example.net,"464 Cory Courts Apt. 048
East Mary, PR 42242",923-776-2781,71485,XqZwhuKt
Ronald,Cameron,Medical sales representative,Human Resources,michaeljackson@example.org,"618 Richard Plains
Jamesbury, VT 89225",289-274-4587,65349,uV4UKBFk
Sarah,Garcia,Tax inspector,Marketing,lyonsjohn@example.org,"3167 Melissa Viaduct Suite 254
Grimesport, NE 49064",(617)750-6385,57421,t35blKCA
Miranda,Bowman,Legal executive,Marketing,dawn11@example.com,"PSC 0784, Box 7306
APO AA 03680",(265)287-7564x870,89351,YeBdnxqR
Sheryl,Lopez,"Exhibitions officer, museum/gallery",Finance,obrientammy@example.net,"1927 Rose Squares
East Erichaven, IL 23371",(393)809-1737x9579,96492,ouRINnu8
John,Kelly,Passenger transport manager,Human Resources,david71@example.org,"74680 Christopher Knolls
South Jenniferchester, PW 06156",900.864.1483x9338,66875,FOxtQrYf
Anthony,Mendez,Location manager,Human Resources,jamesmunoz@example.com,"12466 Marshall Ville Apt. 137
East Hannah, PA 25649",655-347-9589,50958,ymfIsbOL
Douglas,Burke,Ship broker,Human Resources,whernandez@example.org,"Unit 0259 Box 8756
DPO AA 98907",772-866-6174x93357,1604,rBx4CN8H
Kristin,Campbell,"Administrator, arts",Sales,paula51@example.com,"177 Meyers Path
Allisonfort, MN 48807",+1-808-547-8199,61790,zSmoZ5dA
Brett,Lee,Industrial buyer,Human Resources,melissa33@example.com,"314 Cameron Passage
Dillonview, PW 95801",+1-691-884-0250x5171,16011,EbC2y0jP
Vanessa,Morris,Tax inspector,Marketing,monica75@example.com,"536 Rasmussen Springs
West Nicholasstad, CA 66044",443-370-3593,3067,FB1PuzcN
Kendra,Gordon,Editorial assistant,Finance,uhess@example.org,"USCGC Anderson
FPO AA 83076",344.588.1581x6419,53738,EDsIoeEU
Michael,Moore,Advertising copywriter,Sales,twelch@example.org,"461 Owens Harbor Apt. 216
Kimshire, VA 72189",656.212.8871,58434,IXZT4Ch8
Dwayne,Brown,Medical secretary,Engineering,xrichardson@example.net,"2886 Bradley Loaf Apt. 386
North Emily, MI 03839",241.584.0658x1400,7733,B7QZqIey
Rebecca,Sweeney,Air broker,Sales,elizabethwatson@example.net,"015 Pierce Wall
Kevinton, CT 99054",+1-790-543-6127x9901,57919,2jJTPMZV
Christine,Benton,"Lecturer, further education",Finance,lisabishop@example.com,"6931 Cindy Haven Apt. 581
Annettefurt, CO 13678",+1-514-891-7390x971,34384,UHlLovPw
Alexander,Copeland,Town planner,Finance,robertsdenise@example.org,"2421 Anderson Ports Suite 024
Gonzalezstad, FL 79211",+1-537-283-1797x605,36384,mu3PVh0B
Katelyn,Hill,Financial controller,Human Resources,lscott@example.org,"551 Holmes Plain
South Susanland, MO 21439",480-399-0318x9820,19471,SqrWXHaY
Richard,Stewart,Research scientist (medical),Marketing,wcunningham@example.net,"339 Jessica Mountain
Phillipsfort, AR 15513",+1-630-289-3192x7568,86571,vz6nj3xE
David,Robinson,Personnel officer,Engineering,davisscott@example.com,"666 Kathleen Course Suite 022
Andersonchester, MA 89308",+1-630-447-5883x80837,40050,4wf3t7Vc
Elizabeth,Miller,"Engineer, technical sales",Product Development,lisaorozco@example.net,"PSC 3341, Box 5610
APO AP 81858",255.937.6070,1072,U9WmSPeB
Cody,Price,Therapeutic radiographer,Finance,jamie69@example.net,"30818 Estrada Plain
Savannahland, MD 50440",452-252-2149,35278,BTRuosDx
Kathleen,Cross,Operations geologist,Sales,curtisweber@example.net,"3831 Emily Mall Suite 514
Kathleenside, KY 82763",+1-578-498-1568x3627,1991,2c0iVJdv
Amber,Williams,Land,Human Resources,carlosjames@example.org,"624 Wu Village
Crosbybury, AR 11779",5543232612,36522,KtM54mKR
Deborah,Martin,Animal technologist,Human Resources,emilyturner@example.com,"29736 Gary Freeway Suite 367
South Roger, NH 28743",357.850.7767x87790,72732,qbJhcTW9
Robert,Gill,"Producer, television/film/video",Product Development,danielledrake@example.net,"9275 Brenda Union
Port Loganside, WV 65111",336.802.6264x6372,61508,cPX7EQDk
Tanya,Henderson,Research scientist (maths),Sales,dennisstafford@example.com,"07758 Reyes Rapid Suite 743
Victoriachester, TX 78196",001-487-358-5912x83155,27460,4uS1tujz
Erin,Mitchell,Hydrogeologist,Human Resources,christopher17@example.org,"20456 Laura Curve
New Christopherhaven, OR 98387",(747)411-1758x121,5798,L9tnGQH0
Leslie,Davis,Commercial horticulturist,Finance,melissaleblanc@example.com,"13356 Smith Drive
North Jeffrey, ID 27362",615.501.8642,76801,58wH0sBF
Darlene,Herring,Further education lecturer,Engineering,sarah21@example.org,"6515 Walker Turnpike
Fergusonfurt, SC 89970",+1-510-722-6422x1026,52522,kfq5foJG
Donna,Stevenson,Mechanical engineer,Engineering,matthewguerrero@example.com,"1020 Brown Trace
Matthewside, MI 51721",8183924738,60926,XD0FfJWe
Christina,Haas,Multimedia specialist,Marketing,ibarratheodore@example.com,"PSC 1065, Box 3750
APO AA 42233",001-552-438-5366x509,38479,WT9nCCDg
Brittany,Smith,Chartered loss adjuster,Engineering,lamrobert@example.org,"682 Sullivan Hollow Apt. 812
Parkshaven, AS 43754",770-929-2774x2276,52778,TXXgfby5
Karen,Bailey,Consulting civil engineer,Sales,ulloyd@example.com,"70235 Christy Manor
Toddville, WI 66530",+1-290-638-4892x778,85270,28MSO1Px
Jennifer,Vazquez,"Conservation officer, historic buildings",Human Resources,melissawarner@example.net,"4237 Simpson Key Apt. 028
Derekside, CT 69802",802.447.1813,89504,axERLbGn
Maria,Roberts,"Engineer, manufacturing",Product Development,stephanieoneal@example.net,"PSC 0460, Box 0560
APO AP 35837",(228)967-9500,26456,qa0bCRZY
Zachary,Duncan,Retail manager,Product Development,kbenitez@example.net,"302 Jennifer Mountains
Scottside, NV 88451",672-372-0712,89258,0abLbpZs
Mark,Norris,"Teacher, secondary school",Engineering,gutierrezmichael@example.org,"28774 Jimmy Port Suite 144
Lake Sarah, MO 65216",831-630-4776,61065,9vkVcHbv
Timothy,Russell,Proofreader,Product Development,brittanyhoward@example.org,"Unit 8850 Box 2086
DPO AP 91433",001-337-620-4094x307,93904,1nIv4WLZ
Tracey,Hawkins,Cabin crew,Human Resources,smithcrystal@example.com,"15301 Le Unions
Port Ericshire, AZ 11913",+1-790-920-1710x3318,66193,7NCDsv3d
Veronica,Lee,Production engineer,Sales,george48@example.com,"5280 Joseph Mountain
Ariasbury, KS 46736",986-680-4654x53364,73187,oFwYGulO
Charlotte,Anderson,Fitness centre manager,Product Development,garyjohnson@example.net,"91944 Shaw Summit
Joannafurt, MO 91043",001-485-915-4011x221,25413,zmLZ4UEJ
April,Brown,"Scientist, product/process development",Engineering,heather12@example.net,"798 Amy Shoal
New Kimberlyland, GU 70104",(456)635-4618,19784,mOgOV0zI
Kelly,Diaz,"Conservation officer, nature",Product Development,beverly70@example.org,"46332 John Vista
Hernandezchester, PR 50005",(286)397-3910x24699,6694,1Iom61Yc
Misty,Baxter,Contractor,Human Resources,kgomez@example.com,"246 Hull Park Apt. 659
Jonesborough, CA 05940",896-709-7905x52595,48439,lMnOZeyi
Amanda,Moody,Public relations officer,Sales,twaters@example.net,"5672 Mcdonald Motorway Apt. 228
Huffmanland, MS 02551",(330)853-3956x9951,93339,ycRvwMRp
George,Hawkins,Estate manager/land agent,Finance,rebecca02@example.org,"80920 Daniel Estates
Gordonside, SC 62176",001-592-508-3437x93162,10964,8EoiAWP3
Denise,Bonilla,Lexicographer,Sales,jasonhines@example.org,"65931 Nelson Port
Jameshaven, CT 23793",+1-373-971-3232x602,24048,mu6YPe5Q
Joshua,Chavez,"Journalist, broadcasting",Marketing,warrengregory@example.com,"313 Mary Shore
Danielchester, KS 55540",001-309-300-4084x59514,44381,PYBPK7vK
Joseph,Hodge,Equities trader,Product Development,lowejennifer@example.net,"5975 Sharon Forge
Dayhaven, GA 38345",919.566.3327x54042,15545,Fp0ODVz5
Amanda,White,Economist,Product Development,psanchez@example.org,"767 Atkinson Roads
North Jamie, AS 90694",5228902566,69253,Fe0MxiQe
Jasmine,Flores,"Civil engineer, consulting",Engineering,ashley93@example.net,"971 Lauren Trafficway
West Michael, FL 56105",(296)576-8866x654,91972,4bPqZBQW
Amanda,Shaffer,Location manager,Sales,parker03@example.net,"184 Emma Springs Suite 908
Daniellehaven, WY 14724",+1-486-382-6468x2382,43598,l0OmnB7Y
Kathy,Evans,"Therapist, horticultural",Human Resources,bakerkevin@example.com,"53739 Tami Points Apt. 124
Hollowayville, OR 64057",(599)823-7728x4687,92259,Cmk1AaW8
Sharon,Smith,Broadcast journalist,Human Resources,katherine97@example.org,"457 Burton Islands
Thomasstad, VA 84311",965-526-9462x023,36234,1vsqUF8v
Margaret,Stark,Communications engineer,Finance,dmccoy@example.net,"284 Stacey Crest
Spearsmouth, TX 20406",855-570-2595x73436,68250,J80lrVPi
Adriana,Rivera,Drilling engineer,Finance,omartinez@example.com,"USCGC Dyer
FPO AA 55962",001-446-386-7335x5132,6744,PHttqgKf
James,King,Education administrator,Marketing,sergiocastillo@example.org,"37973 Emily Station Suite 748
Angelamouth, MT 34213",376-488-2167x791,26558,m8c8e71b
Debra,Graves,Economist,Engineering,jenniferevans@example.net,"4633 Kenneth Manor
New Charles, CT 97574",+1-883-327-8067x7523,54739,6MJcms1m
